file_name,S_random,S_tail,S_post_check,Random_Starts,Break_Start,Prev_Global_Anchor_ID,Curr_Global_Anchor_ID,Reach_Flag,Topo_Distance,S_path_break,S_current
荟聚001-0413/sensor_20250413_1908.csv,0.931184,0.787352,0.859268,"[4867, 1112]",5638,18,18,1,0,1.0,0.929634
荟聚001-0413/sensor_20250413_1910.csv,0.909964,0.819971,0.864967,"[5237, 3856]",1312,35,4,1,1,1.0,0.932484
荟聚001-0413/sensor_20250413_1911.csv,0.812801,0.447389,0.630095,"[660, 644]",604,33,18,1,1,1.0,0.815047
荟聚001-0413/sensor_20250413_1913.csv,0.991141,0.94471,0.967925,"[1167, 2191]",2653,2,18,1,6,0.666667,0.817296
荟聚001-0413/sensor_20250413_1915.csv,0.894109,0.83044,0.862274,"[2305, 4539]",2406,11,8,1,3,1.0,0.931137
荟聚001-0413/sensor_20250413_1917.csv,0.748193,0.433219,0.590706,"[5331, 617]",2228,18,11,1,3,1.0,0.795353
荟聚003-0413/sensor_20250413_1934.csv,0.879233,0.057543,0.468388,"[9595, 3657]",2686,11,33,1,4,1.0,0.734194
荟聚003-0413/sensor_20250413_1937.csv,0.905491,0.577501,0.741496,"[11047, 9328]",2079,18,4,1,4,1.0,0.870748
